Name,Address,Zip,Phone
Jerry XXBartlett,"009 Tristan Meadow Martinezbury, NV",97263,(616)477-6740x83474
Jennifer Gonzalez,"0098 Finley Valleys Port Michelleshire, ID",97726,6094074870
Jack Reed,"0098 Finley Valleys Port MicheXXlleshire, ID",97726,432.845.9420
Mrs. Gail XXPerez,"03284 Carson Fields Acostaview, AK",45268,
Andrew MartiXXn,"03284 Carson Fields Acostaview, AK",45268,705-208-6392
LindaXX Barton,"03284 Carson FieXXlds Acostaview, AK",45268,298-984-3837x5183
Mrs. Tammy Davis,"048 David Burgs Suite 890 Lake Nancystad, DC",98744,+1-562-620-5663
XXDevin Ruiz,"048 David Burgs Suite 890 Lake Nancystad, DC",98744,+1-371-732-8951
JXXacob Todd,"048 David Burgs Suite 890 Lake Nancystad, DC",98744,8706775285
Kevin Andrews,"0528 Snow Place Michaeltown, NH",,686-401-2951x1016
Timothy Jacobs,"0528 Snow Place Michaeltown, NH",82126,
April Lee,"0528 Snow Place Michaeltown, NH",82126,686-401-2951x1016
Charles Smith,"05678 Mccullough Branch Elizabethshire, VA",,001-882-807-9438
Alan Carpenter,"05678 Mccullough Branch Elizabethshire, VA",06636,001-416-200-4618
Sarah Garcia,"05678 Mccullough Branch Elizabethshire, VA",,+1-916-210-0327
Shannon Ross,"05855 Sanders Flats North Kathryn, FL",,001-267-651-6678
Elizabeth Hill,"05855 Sanders FlatXXs North Kathryn, FL",01818,+1-684-588-3369x4689
Crystal Lee,"05855 Sanders Flats North Kathryn, FL",01818,261.458.1263
Bradley Rodriguez,"05855 Sanders Flats North KathrynXX, FL",01818,265.516.4777x4392
Samuel Brown,"0591 Acevedo Course Lake Gabrielborough, DE",,(806)381-3684x90057
Renee Rose,"06960 Glass Valley East Rhondaburgh, PW",28574,
CatheXXrine Bell,"06960 Glass Valley East Rhondaburgh, PW",28574,394-707-9336x0610
Bryan Hill,"07245 Michelle Village Rodriguezmouth, ND",85353,(860)668-6768x058
Donna Harris,"07245 Michelle Village Rodriguezmouth, ND",85353,
Jacob MataXX,"07245 Michelle Village Rodriguezmouth, ND",85353,(860)668-6768x058
Donna Perez,"0785 Newman Mall JesXXsicamouth, MH",57065,001-981-338-7495x78154
Ariel Bishop,"0785 Newman Mall Jessicamouth, MH",57065,796.959.6773
Morgan Jacobs,"0785 Newman Mall Jessicamouth, MH",,896-551-7894
Julie Townsend,"0785 Newman Mall Jessicamouth, MH",57065,
Kenneth Estrada,"0785 Newman Mall Jessicamouth, MH",57065,966-439-8366x4089
Brian Valdez,"07XX85 Newman Mall Jessicamouth, MH",57065,(520)712-1752x1420
Ms. Kelli CXXollier,"090 Samuel Light Kemptown, CA",82720,6173034639
Kathleen Nelson,"090 Samuel Light Kemptown, CA",82720,(699)977-6649
Erin Sloan,"090 Samuel Light Kemptown, CA",82720,684.994.4325
MaXXrtha Wilson,"09643 Reynolds Springs East Nicoleborough, WV",75110,239.257.2748
Danny Lane,"1122 Mark Curve Kelseyside, OK",90294,+1-454-275-5906
Joyce White,"1144 Martin Villages Apt. 102 Hebertport, NM",,(852)340-8011x6661
Charles Smith,"1144 Martin Villages Apt. 102 Hebertport, NM",22162,(302)317-7064x056
Thomas Marshall,"1144 Martin Villages Apt. 102 Hebertport, NM",22162,768-756-0345x450
JoXXhn Flores,"1144 Martin Villages Apt. 102 Hebertport, NM",22162,380-368-5744
Richard Evans,"116 Austin Ford Lake Elizabeth, GA",,840.235.8801x2548
Jared Martinez,"116 Austin Ford Lake Elizabeth, GA",58167,748-654-6472x41442
Elizabeth VaXXsquez,"1185 Kathy Overpass Apt. 615 Petersonbury, RI",28073,(596)809-6121x672
Ryan Snyder,"1185 Kathy Overpass Apt. 615 Petersonbury, RI",,+1-315-415-3491
BrXXandon Robbins,"1185 Kathy Overpass Apt. 615 PetersXXonbury, RI",28073,
XXGeoffrey Maldonado,"1185 Kathy Overpass Apt. 615 Petersonbury, RIXX",,(468)761-5291
Devin Ruiz,"127 Martinez Springs Suite 026 North Jessica, PA",34805,(799)854-0387x81527
Nathan SXXolis,"127 Martinez Springs Suite 026 North Jessica, PA",34805,648-943-9032
Pamela Costa,"129 Moore Trail Williamsville, FL",17189,(560)606-5334x8715
DanieXXlle Hardy,"129 Moore Trail Williamsville, FL",17189,(366)815-1807x7301
Shane Foster,"131 Rice Oval Apt. 316 Brandimouth, AR",38395,001-921-378-5086
Logan Pollard,"13148 Elliott Circle East Robertview, DC",61326,6252887720
Shawn Arnold,"13148 Elliott Circle East Robertview, DC",61326,417.651.3313x6360
Sandra Scott,"1342 Harris Turnpike West Dianeberg, WY",,+1-427-703-9717x9263
Diane Mcguire,"1342 Harris Turnpike West Dianeberg, WY",25937,328-676-9393x75702
Jason Gill,"1342 Harris Turnpike West Dianeberg, WY",,333.766.9899x5996
Thomas Jones,"13803 Palmer Extensions East Markport, TX",,+1-836-734-5704
Morgan Jacobs,"13803 Palmer Extensions East Markport, TX",74193,
Rebecca Carey,"13803 Palmer Extensions East Markport, TX",74193,440.758.6436x4132
Jacob Hardy,"1383 Erin Villages Richardtown, NH",,+1-359-870-9534x25546
XXFrances Schroeder,"1383 Erin Villages Richardtown, NH",,+1-682-405-4727x205
Danny Lane,"1383 Erin Villages Richardtown, NH",65544,281.689.7819x534
EXXmily Park,"1383 Erin Villages Richardtown, NH",65544,001-344-207-1164x807
Emily Marshall,"13951 Smith Crest Apt. 575 Michellemouth, MA",75617,+1-813-800-7892x2820
David Sosa,"13951 Smith Crest Apt. 575 Michellemouth, MA",75617,6753731989
Lisa Nichols,"13951 Smith Crest Apt. 575 Michellemouth, MA",75617,(840)595-9902x3605
Thomas Browning,"13951 Smith Crest Apt. 575 Michellemouth, MA",75617,492.879.7046x426
Jared Martinez,"140 Larry Center Suite 787 West Charlesbury, MD",44181,400-734-3477x4170
Margaret Khan,"140 Larry Center Suite 787 West Charlesbury, MD",,+1-678-470-4485x4317
Jason Gill,"140 Larry Center Suite 787 West Charlesbury, MD",44181,+1-839-825-0522x68039
Joshua Becker,"14551 Fleming Route Lake Paulaborough, ND",16178,+1-901-460-3269x196
Kim WeeksXX,"146 Patricia Meadows Apt. 182 Connerfurt, MSXX",91271,001-234-364-2353x261
Martha Wilson,"146 Patricia Meadows Apt. 182 Connerfurt, MS",91271,2848035694
Hannah Martin,"15144 Alexandria Glens South Jason, MN",57094,001-788-483-9101x399
Tammie Thomas,"15144 Alexandria Glens South Jason, MN",57094,922.910.9364
Logan Pollard,"15144 Alexandria Glens South Jason, MN",57094,001-208-460-4914x4939
Debra Richards,"15144 Alexandria Glens South Jason, MN",57094,001-949-444-9046x47489
Andrew Roberts,"15144 Alexandria Glens South Jason, MN",57094,303.286.8698x08471
Brandi Sanders,"1563 Cervantes Springs Thompsonberg, NM",09303,(560)931-1228x101
Kathryn Jackson,"1563 Cervantes Springs Thompsonberg, NM",09303,(560)931-1228x101
Robin Garcia,"1563 Cervantes Springs Thompsonberg, NM",09303,
Jason Olson,"177 Carter Extension South KevXXin, HI",38740,614-843-8129x38795
Brittany Dawson,"177 Carter Extension South Kevin, HI",38740,001-957-758-6176
Kelly Williamson,"179 Chandler Unions Apt. 625 Hillberg, VA",82677,+1-826-698-9309x944
JaXXson Leblanc,"179 Chandler Unions Apt. 625 Hillberg, VA",,677.946.0864
Mary Leonard,"21146 Sarah Village Apt. 500 Denisemouth, WA",01276,(437)429-0029x453
Brian Smith,"21146 Sarah Village Apt. 500 Denisemouth, WA",01276,969-849-5886x96118
Richard XXEvans,"2XX1146 Sarah Village Apt. 500 Denisemouth, WA",,(259)952-2548x1212
April Allen,"21146 Sarah Village Apt. 500 Denisemouth, WA",01276,001-828-266-8610x06349
Jacob Hardy,"212 Soto Port Apt. 200 Nicoleview, AR",,(259)358-0716
Rachel Kennedy,"231 Bruce Knoll Suite 902 West Charles, OR",44711,(895)764-5139
Steven Thompson,"2451 Bell Plains Apt. 865 Staffordport, CT",09949,001-975-267-0490x05697
Jeffery Wright,"2451 Bell Plains Apt. 865 Staffordport, CT",09949,(902)875-9055x50184
Charles Smith,"25724 Mary Flat Apt. 920 Jamestown, GA",,
Danielle Hampton,"25790 Dawn Glen Suite 142 Smithfort, MO",29322,
Rachel Henry,"25790 Dawn Glen Suite 142 Smithfort, MO",29322,+1-891-459-0376x7946
Alisha Garcia,"25790 Dawn Glen Suite 142 Smithfort,XX MO",,001-634-397-2335x72727
Donna Howe,"25790 Dawn Glen Suite 142 Smithfort, MO",29322,(996)525-1103x214
Kimberly Thompson,"2613 Edward Prairie Apt. 432 Lake Douglastown, CT",49829,(574)254-3224x88543
AliXXson Cantrell,"26647 Heather Causeway New Mary, ME",91787,001-568-812-5009x10089
Caroline MoralesXX,"26647 Heather Causeway New Mary, ME",91787,(433)269-4738x6249
David Smith,"26647 Heather Causeway New Mary, ME",91787,(203)715-6317x5856
Christina Washington,"26647 Heather Causeway New Mary, ME",91787,
Donna Clark,"2698 Diana Plains Apt. 608 South Mark, NY",59968,(854)494-0422x78041
Diane McguireXX,"2774 Mary Junction Suite 642 New Charles, VA",65589,
Maria Li,"2XX85 Coleman Fort Apt. 530 Port Paul, TX",32089,442.505.0248
Samuel Wilson,"2874 Heather Lodge Apt. 149 Brandonbury, OR",,
Charlene Mccormick,"2874 Heather Lodge Apt. 149 Brandonbury, OR",34728,+1-867-928-9687x14046
Jaclyn GonzalXXes,"28999 Avery Ranch Apt. 538 East Michaelstad, VI",75977,5729683631
Alexa WilliamsXX,"302 Middleton Crescent Suite 506 Reesefurt, SC",05519,513.995.8925
Miss Cheryl Mills MD,"302 Middleton Crescent Suite 506 Reesefurt, SC",,(978)615-0183
Brooke Lynch,"30500 Laurie Spurs Apt. 033 Colemanside, TX",94632,(252)506-0910
Erika Anderson,"30500 Laurie Spurs Apt. 033 Colemanside, TX",,(252)506-0910
Barbara Howard,"30500 Laurie Spurs Apt. 033 Colemanside, TX",94632,(252)506-0910
Brandon Rodriguez,"3083 Natasha Fall New Michael, OK",,530.254.4640x258
Jose Brown,"3083 Natasha Fall New Michael, OK",,+1-618-270-7278
Jacob Todd,"3083 Natasha Fall New Michael, OK",53991,(635)294-0418x8729
Pamela Flores,"3083 Natasha Fall New Michael, OK",53991,9894341794
Kirk Simon,"3083 Natasha Fall New Michael, OK",53991,353-722-4992
Jennifer Levy,"311 XXSmith Valleys Apt. 450 Lucasfurt, IL",,(483)399-6526x0535
John Flores,"311 Smith Valleys Apt. 450 Lucasfurt, IL",26108,504-422-2251x85861
Richard Douglas,"311 Smith Valleys Apt. 450 Lucasfurt, IL",,
Anthony Steele,"323 Aaron Tunnel West Alex, GA",84292,+1-340-948-5146x27313
Charlene Mccormick,"323 Aaron Tunnel West Alex, GA",84292,001-396-628-9516
JXXennifer Levy,"323 Aaron Tunnel West XXAlex, GA",84292,8619762910
ChelseXXa Bryan,"33382 Peterson Estates Suite 987 New Andrea, HI",44067,(399)726-9864x1428
ValerXXie Chang,"33382 Peterson Estates Suite 987 New Andrea, HI",44067,(399)726-9864x1428
Gregory Garcia,"34414 Hunt Haven Suite 571 Port Susanfurt, IA",,+1-883-631-9966
Brian Smith,"34414 Hunt Haven Suite 571 Port Susanfurt, IA",53444,+1-354-301-8785x684
Helen Quinn,"34414 Hunt Haven Suite 571 Port Susanfurt, IA",53444,001-665-439-9204x088
John Dunn,"3452 Albert Springs Lake Nicholas, TX",53940,812-715-3633x6083
Mrs. Taylor Johnson DDS,"3452 Albert Springs Lake Nicholas, TX",53940,(627)565-8235
Jason Smith,"3452 Albert Springs Lake Nicholas, TX",53940,001-789-922-4794x3436
Joseph Harris,"34729 Reyes DalXXe Suite 146 North Stuart, MI",13528,+1-287-915-3439x7181
Kathleen Nelson,"3519 Cortez Way Christinamouth, CT",06566,(245)981-1515
Brandon Robbins,"3519 Cortez Way Christinamouth, CT",,001-944-202-7622x925
Mark Hunter,"3519 Cortez Way Christinamouth, CT",,948.259.0735
Shawn Brown,"3519 Cortez Way Christinamouth, CT",06566,(325)751-0779
Samuel Wilson,"3698 Nicholas Parkway Apt. 845 East Michaelbury, HI",38493,
Brandi Sanders,"3698 Nicholas Parkway Apt. 845 East Michaelbury, HI",38493,6626238225
Heather Johnson,"3698 Nicholas Parkway Apt. 845 East Michaelbury, HI",38493,(845)473-2578x0225
Zachary Gray,"371 Harrison Glen Suite 238 Ortegahaven, AL",65153,(790)258-5125x129
Brandi Sanders,"3870 Kennedy Prairie Apt. 381 Williamsstad, MI",29777,(531)885-5454
Tiffany Potter,"3870 Kennedy Prairie Apt. 381 Williamsstad, MI",29777,(478)604-3025x56953
Miss Cheryl Mills MD,"3946 White Estate East Chris, KS",66410,(677)263-6690x93141
Shawn Brown,"39691 April Light Suite 134 Mauricestad, NY",07017,+1-451-498-5084x30638
Mary Fowler,"4010 Campbell Freeway Jacksonfurt, FL",44710,(984)454-3170x5722
Frances Schroeder,"4010 Campbell FreewaXXy Jacksonfurt, FL",44710,(984)454-3170x5722
Benjamin Johnson,"4010 Campbell Freeway Jacksonfurt, FL",44710,(984)454-3170x5722
Sheena Hughes DDS,"4010 Campbell Freeway Jacksonfurt, FL",44710,
Theodore Acosta,"4010 Campbell Freeway Jacksonfurt, FL",44710,(984)454-3170x5722
Dr. Joseph Maldonado,"4163 Carson Groves Apt. 836 South Mollymouth, OH",,4509334262
Christopher Matthews,"4163 Carson Groves Apt. 836 South Mollymouth, OH",94650,4509334262
Jimmy Foster,"424 Bradley Divide Suite 767 Cordovaburgh, ID",,895.325.1183x59303
Caitlin Parks,"424 Bradley Divide Suite 767 Cordovaburgh, ID",48790,936-661-1155x366
Kristin Velasquez,"4342 James Squares New Kaylastad, MP",90837,001-654-961-9491x72525
Samuel Brown,"442 Erica Glen West Katrinaview, IL",38999,7777855437
Carl Caldwell,"442 Erica Glen West Katrinaview, IL",38999,803.821.0074x02659
Sandra ScoXXtt,"4447 Stephen Park Apt. 720 North Jason, AL",08043,(243)645-9795x938
Rebekah Brown,"4447 Stephen Park Apt. 720 North Jason, AL",08043,+1-360-894-8014
Tina MarkXXs,"449 Amber Island Apt. 215 Lake Kenneth, CA",,(237)693-2295x982
Tracy Lee,"449 Amber Island Apt. 215 Lake KennXXeth, CA",28551,(237)693-2295x982
Tammie ThoXXmas,"45165 Carly Lodge Apt. 451 Kennethberg, MA",57575,749.480.7780x2082
Pamela Flores,"4532 Gavin Junction Allenside, CT",41375,
Jason Olson,"4532 Gavin Junction Allenside, CT",41375,352.790.9523x459
James Lopez,"4532 Gavin Junction Allenside, CT",41375,(530)517-6359x8648
Benjamin Johnson,"4532 Gavin Junction Allenside, CT",41375,001-394-913-2956x14684
John Martin,"4532 Gavin Junction Allenside, CT",41375,487.943.7336x6308
James White,"46344 Cindy Overpass Apt. 979 Stokestown, IA",23940,821.890.5564
Joseph Harris,"46344 Cindy Overpass Apt. 979 Stokestown, IA",23940,
Jacob Hardy,"46344 Cindy Overpass Apt. 979 Stokestown, IA",23940,(244)905-1221
Gregory Garcia,"46508 Medina Extension Suite 643 Cuevashaven, MN",52513,363.435.2002x4132
Joyce White,"46508 Medina Extension Suite 643 Cuevashaven, MN",,967-949-1831
Natalie Kerr,"4826 Snyder Inlet Duncanport, CO",11730,+1-429-815-3412x4156
Thomas Jones,"4826 Snyder Inlet Duncanport, COXX",11730,
Ronald Hall,"4826 Snyder Inlet DuncanportXX, CO",11730,991-785-2355x6147
Kenneth Larson,"4884 Franco Crescent EXXast Anthonymouth, AL",29029,
Mr. Philip Beck Jr.,"494 Carolyn Brooks Apt. 721 New Eric, WA",89750,554-428-3007
TXXammie Thomas,"494 Carolyn Brooks Apt. 721 New Eric, WA",89750,4143875818
Jordan Anderson,"494 Carolyn Brooks Apt. 721 New Eric, WA",,224.936.4174x6953
Anthony Steele,"497 Stevens Viaduct Apt. 580 Port Levihaven, AL",38223,+1-488-633-9913x979
JXXames Lopez,"497 Stevens Viaduct Apt. 580 Port Levihaven, AL",38223,
John ReXXyes,"49XX7 Stevens Viaduct Apt. 580 Port Levihaven, AL",38223,001-560-212-5699x4872
Kaylee Nichols,"5045 Linda Summit Williamberg, OR",26006,001-918-708-8848x7245
Nicholas Crawford II,"506 Hernandez Track West Maria, LA",07227,001-598-280-7890x250
Christine Williamson,"506 Hernandez Track West Maria, LA",07227,923.894.3068
Max Molina,"506 HernandeXXz Track West Maria, LA",07227,
Veronica Bell,"515 Courtney Extension North Jayburgh, SD",,+1-793-303-1397x361
XXBrian Valdez,"515 Courtney Extension North Jayburgh, SD",29629,4698341318
Shannon Harris,"5472 Donna Orchard Suite 287 East Ericchester, DC",49414,569-438-3647x614
David Sosa,"5472 Donna Orchard Suite 287 East Ericchester, DC",49414,
Kari Hernandez,"564 Darrell Knolls Apt. 417 Danielside, ID",43003,(657)614-6944
Sarah Mcgee,"5683 Krueger Camp New Catherineside, DC",16201,529-732-3270x8257
Alexa Williams,"5683 Krueger Camp New Catherineside,XX DC",,
Joseph Pearson,"5683 Krueger Camp New Catherineside, DC",16201,529-732-3270x8257
Matthew Soto,"5683 Krueger Camp XXNew Catherineside, DC",16201,529-732-3270x8257
Tina Marks,"5683 Krueger Camp New Catherineside, DC",,
Charles Duran,"58387 Young River North Leahside, KY",66845,(914)570-4166
Tiffany Scott,"58387 Young River North Leahside, KY",,
Laura Moss,"586 Lisa Stream Apt. 910 Lake Shaneberg, WI",,
Dr. Travis Moss,"58730 Martinez Keys East Stephenville, NV",65886,001-498-984-8982x5269
XXLogan Pollard,"59406 Kelly Glens Campbellville, NH",77014,+1-688-905-0122x47928
Jennifer Hoffman,"59406 Kelly Glens Campbellville, NH",77014,001-296-630-6214x89633
Alexander Sawyer,"5971 Wagner Rue West Martinside, NM",08955,734-705-9936x40569
Jeffery Wright,"5971 Wagner Rue West Martinside, NM",08955,+1-951-750-5945x93881
Jerry Bartlett,"5971 Wagner Rue West MarXXtinside, NM",08955,616-232-6048x16654
Kim Weeks,"6095 Bradley Ford Apt. 861 Taylormouth, LA",58724,883.428.4552
Erin Sloan,"610 Bell Crescent Apt. 939 Nicholaschester, UT",,(385)484-3454
Alan Carpenter,"610 Bell Crescent Apt. 939 Nicholaschester, UT",,(385)484-3454
April Lee,"610 BellXX Crescent Apt. 939 Nicholaschester, UT",41095,(385)484-3454
RebXXecca Rivera,"610 Bell Crescent Apt. 939 Nicholaschester, UT",41095,(385)484-3454
Samuel Brown,"610 Bell Crescent Apt. 939 Nicholaschester, UT",41095,(385)484-3454
Amanda Campbell,"6113 Moore Fall Apt. 512 Robertchester, DE",58816,001-826-325-4205
Jessica Rogers,"612 Alexandra Drives Annmouth, LA",25109,9434710858
David Gonzalez,"612 Alexandra Drives Annmouth, LA",25109,001-841-692-9021x76199
Andrew Hill,"612 Walter Grove Suite 736 Morrismouth, RI",,
Charles Smith,"612 Walter Grove Suite 736 Morrismouth, RI",74843,3856773171
Jennifer Bullock,"612 Walter Grove Suite 736 Morrismouth, RI",74843,817-690-3712
Pamela Costa,"612 Walter Grove Suite 736 Morrismouth, RI",74843,4543274821
Daniel MaddoxXX,"612 Walter Grove Suite 736 Morrismouth, RI",74843,001-391-781-3942x534
Monica Martinez,"623 Davidson Parkway Suite 315XX Port Jeffery, NH",,785-864-5624
Mrs. Elizabeth Shaw,"624 Maldonado Park North Heatherhaven, WA",28004,
Andrew Martin,"624 Maldonado Park North Heatherhaven, WA",28004,001-687-260-5126x97379
April Lee,"62958 Lisa Valley Emilymouth, ID",18571,5383213299
RXXebecca Richards,"6XX43 House Cliff North Susanfurt, FM",40702,001-650-366-1635x2710
Tracy Lee,"643 House Cliff North Susanfurt, FM",40702,(723)947-9046x6592
David Smith,"643 House Cliff North Susanfurt, FM",40702,2604117685
Jenna Benitez,"643 House Cliff North Susanfurt, FM",,908-948-1690
Elizabeth Hill,"643 House Cliff North Susanfurt, FM",40702,(754)776-8116x63853
Rebecca Carey,"643 House Cliff North Susanfurt, FM",40702,916-317-4072
Bryan Neal,"65114 Johnson Unions Williamston, UT",14996,7837776354
Rebecca Kim,"65114 Johnson Unions Williamston, UT",14996,212-495-8252
Danielle Stone,"6689 Stephanie Squares Robertport, MS",72605,9887055309
Rachel Kennedy,"6689 Stephanie Squares Robertport, MS",72605,
Jason MXXacias,"6860 Stacie Haven Suite 650 North Donna, MH",77911,(883)331-6397
Megan Noble,"6860 Stacie Haven Suite 650 North Donna, MH",77911,
Jonathan Moore,"6860XX Stacie Haven Suite 650 North Donna, MH",,991-550-5499x92195
Amanda Scott,"6860 Stacie Haven Suite 650 North Donna, MH",77911,(883)331-6397
Shane Foster,"6860 Stacie Haven Suite 650 North Donna, MH",77911,(883)331-6397
Donna Clark,"69378 David Walks Apt. 013 North Meredith, PR",86781,954.496.2570x5574
Kenneth Castaneda,"697 Fletcher Brook Suite 525 Stephenhaven, IN",,305.313.0614
Tammy Roberts,"697 Fletcher Brook Suite 525 Stephenhaven, IN",35574,825.440.5677x9218
Barbara Howard,"697 Fletcher Brook Suite 525 Stephenhaven, IN",,500-968-8482x69062
Dr. TravXXis Moss,"69851 XXDunn View South Rick, MD",86182,871.741.6766
KenXXneth Castaneda,"69851 Dunn View South Rick, MD",86182,871.741.6766
Kelly WilliamsonXX,"71311 Madeline Summit North Darrylland, CT",06600,8345478500
Theodore Acosta,"71311 Madeline Summit North Darrylland, CT",06600,887-753-6847x35467
Sean Oliver,"71311 Madeline Summit North Darrylland, CT",06600,495.757.5652
Jaclyn Gonzales,"721 Myers Park Dominiqueshire, MD",99839,(912)792-4581x8507
Jeanne Hernandez,"721 Myers Park Dominiqueshire, MD",99839,944.586.1236x81148
Mr. Joseph White,"721 Myers Park Dominiqueshire, MD",99839,+1-222-545-7468
Rebecca Conway,"7266 Julia Rapids Apt. 130 West Wanda, IN",93299,001-362-350-4449x679
Andrew Wilkinson,"74036 Hess Lakes Suite 425 Gravesburgh, VT",85359,762.627.4547x014
Alan Carpenter,"74036 Hess Lakes Suite 425 Gravesburgh, VT",85359,3093690859
Mrs. Elizabeth Shaw,"74036 Hess Lakes Suite 425 Gravesburgh, VT",85359,738-382-0974
Christina Jacobs,"7XX55 Smith Haven Suite 507 Rhondaborough, WA",10126,+1-546-780-8570x885
Jennifer Gonzalez,"755 Smith Haven Suite 507 Rhondaborough, WA",,(576)731-7862x1537
DanielleXX Hardy,"755 Smith Haven Suite 507 RhondXXaborough, WA",10126,
Anthony Steele,"755 Smith Haven Suite 507 Rhondaborough, WA",10126,7028977660
Theresa Fox,"755 Smith Haven Suite 507 Rhondaborough, WA",,561-928-4670
AlanXX Jones,"755 Smith Haven Suite 507 Rhondaborough, WA",10126,6914838163
Lisa Duncan,"759 Ronald Pine Suite 478 West XXTylerport, CO",35803,(690)926-4340x88690
Omar Johnson,"759 Ronald Pine Suite 478 West Tylerport, CO",35803,
Jody Hardy,"759 Ronald Pine Suite 478 West Tylerport, CO",35803,498.589.3624
Kathryn Massey,"759 Ronald Pine Suite 478 West Tylerport, CO",,(461)385-6053x015
Pamela Costa,"759XX Ronald Pine Suite 478 West Tylerport, CO",,001-888-740-3847x2777
Bryan Hill,"759 Sarah Vista Fergusonview, MD",47172,756-906-7161x0769
Pamela Costa,"759 Sarah Vista Fergusonview, MD",,623.294.9771
Robin Garcia,"759 Sarah Vista Fergusonview, MD",47172,655-460-9646x52030
Nicole Holt,"766 Spencer Plain Jenniferchester, MP",09738,001-233-934-9452x9144
Brooke Lynch,"7670 Tucker Pine Apt. 714 Jenniferport, AR",,+1-812-328-1701x88283
Elizabeth Cowan,"7670 Tucker Pine Apt. 714 Jenniferport, AR",63343,+1-707-931-0723x2215
Brandon Rodriguez,"7673 Hancock Viaduct Apt. 487 Jonesland, FL",,9448117092
Nicholas Garcia,"7673 Hancock Viaduct Apt. 487 Jonesland, FL",74759,9448117092
Sara MillerXX,"7673 Hancock Viaduct Apt. 487 Jonesland, FL",,9448117092
Kimberly Thompson,"7673 Hancock Viaduct Apt. 487 Jonesland, FL",74759,9448117092
Diane Mcguire,"7764 Tracey Coves West Jennifer, LA",,451-882-7236x9489
Margaret Khan,"7764 Tracey CoXXves West Jennifer, LA",66141,914-250-1842x49941
Jacob Mata,"77945 Rivera Lodge Suite 820 Mendozatown, TX",87271,
Kimberly Brown,"79371 Ward Spur Apt. 224 Valenzuelastad, NE",62684,344-557-8153
Veronica Bell,"79371 Ward Spur Apt. 224 Valenzuelastad, NE",62684,
Shannon Ross,"796 Helen Summit Port Cynthiaburgh, KS",82029,409-608-4359
Kathryn Massey,"796 Helen Summit Port Cynthiaburgh, KS",82029,8336526816
RoberXXt Stafford,"8049 Helen Burg Apt. 586 Jamesmouth, AS",50807,
Miss Cheryl Mills MD,"80863 Mccall Gateway East Dannyborough, MO",26187,644-232-2954x906
HeatheXXr Johnson,"80863 Mccall Gateway East Dannyborough, MO",26187,418-996-2616x495
Brian Smith,"80863 Mccall Gateway East Dannyborough, MO",26187,846-788-4264
Martin Lee,"8117 Yu Junction Shaneville, AK",79602,001-464-561-7257x42089
Amanda Campbell,"8117 Yu Junction Shaneville, AK",79602,(802)286-0647
Robert Stafford,"814 Taylor Rapid Suite 262 West Jacobchester, NY",43114,(580)329-3609
John Martin,"8188 Fox Crossing North Susan, TN",17408,819-387-4450
Anne Kelly,"8188 Fox Crossing North Susan, TN",17408,001-240-736-1538x079
Gilbert Williams,"8209 Kimberly Club Brianborough, OR",25022,7493843242
Tina MarXXks,"8209 Kimberly Club Brianborough, OR",,001-240-836-3745x38291
Sandra Scott,"8209 Kimberly Club Brianborough, OR",25022,(584)410-3135
Jason Olson,"82131 Lydia Island North Thomas, NC",93044,
Brian Smith,"82131 Lydia Island North Thomas, NC",93044,+1-368-523-4032x029
Jessica Chavez,"847 Ball Hollow Apt. 230 North Richardville, LA",54705,
Maria Anderson,"847 Ball Hollow Apt. 230 North XXRichardville, LA",54705,001-715-576-3660x835
Jennifer Levy,"848 Farrell Shores East Randall, NM",98990,001-390-630-1314x0073
Cindy JacksoXXn,"848 Farrell XXShores East Randall, NM",98990,(737)251-2834x887
Carrie Montgomery PhD,"8485 Barbara Ville West Cassandra, ME",84780,+1-700-763-2657
Anne Jenkins,"8485 Barbara Ville West Cassandra, ME",,801-990-1024x25796
Jason Leblanc,"8485 Barbara Ville West Cassandra, ME",84780,(800)207-3261
Roger Miles,"8537 Pugh Plains Apt. 213 New Michael, CO",79469,
Thomas Jones,"8619 Hampton Locks Kurthaven, UT",03544,958.596.9417x390
Charlene MXXccormick,"8619 Hampton Locks KurtXXhaven, UT",03544,+1-460-465-0460x88029
Jose Brown,"8619 Hampton Locks Kurthaven, UT",03544,
Debra RichaXXrds,"8646 Wilson Canyon Apt. 120 West Stephenborough, IL",98789,300.883.7699
JoshXXua Becker,"87040 Marquez Haven Suite 557 Chelseamouth, RI",42697,(731)430-7070x1369
Vincent Lopez,"87040 Marquez Haven Suite 557 Chelseamouth, RI",42697,221.244.7553x35630
Mr. Richard Yoder Jr.,"8710 Harvey Mountain West Juliafort, WV",47550,506.672.3717
Anne Jenkins,"8710 HarvXXey Mountain West Juliafort, WV",47550,001-319-699-3899x5812
Roger Miles,"872 Baker Dale Damonton, DC",,211.390.1360x2771
Alexis Dean,"872 Baker Dale Damonton, DC",78716,
Jordan Mendoza,"872 Baker Dale Damonton, DC",78716,485-724-9503x765
Laura Moss,"872 Baker Dale Damonton, DC",78716,(273)534-0317x434
AXXnne Jenkins,"872 Baker Dale Damonton, DC",78716,8637689682
Andrew Hill,"87499 Brown Tunnel Suite 528 Sharpmouth, AR",,+1-869-407-5740x802
Whitney Byrd,"877 Lawrence Fords New Michael, NV",38332,001-479-559-1361x05071
Melissa RodriguezXX,"88292 Charles Villages Lake Marcus, MN",24567,347-523-6189x18910
Lauren Thomas,"888 Miller Extension Williamston, MO",,(340)965-4297
Morgan Jacobs,"89871 Lee Oval East Robertshire, FM",38545,433.998.1214x1960
Charles Smith,"908XX Kelsey Tunnel Suite 775 Cassandrabury, ID",42138,
Joshua Becker,"9183 Edwards Rapids Bishopstad, PR",95644,(223)525-1236x846
Alexa Williams,"9183 Edwards Rapids Bishopstad, PR",95644,223-963-4674
Erica Hunt,"9183 Edwards Rapids Bishopstad, PR",95644,602.950.5774x36847
Jennifer Hoffman,"9183 Edwards Rapids Bishopstad, PR",95644,
Jacob Thomas,"9183 Lee Greens NoXXrth Justin, NJ",,941.506.7771
Brian Rodriguez,"9183 Lee Greens North Justin, NJ",32161,796.794.9406x361
James Kim,"9212 Douglas Views Rangelstad, FM",79707,738.448.4305x973
AndXXrew Martin,"9222 Martinez Parks Apt. 989 Angelaborough, WI",64801,422-861-0574x410
Jessica Rogers,"9222 Martinez Parks Apt. 989 Angelaborough, WI",64801,(285)988-5661
Rebecca Carey,"9222 Martinez Parks Apt. 989 Angelaborough, WI",64801,350-510-3442x560
Richard Evans,"92242 ChriXXstopher Manor Apt. 038 Fergusonfort, TN",21986,001-278-482-0235x42310
Jody Hardy,"9239 Ward Street Perezborough, MT",97585,534-549-2085x812
Thomas Fleming,"9239 Ward Street Perezborough, MT",97585,534-549-2085x812
Kenneth Estrada,"9239 Ward Street Perezborough, MT",,534-549-2085x812
Alisha Garcia,"9366 Lisa Village Suite 849 New Aaron, ND",86042,336.244.6250
Laura Larson,"9366 Lisa Village Suite 849 New Aaron, ND",86042,+1-221-930-7113
Carrie Wilson,"95422 Debra Well Davidtown, MD",59700,+1-741-969-3382x540
SaXXmuel Duncan,"95422 Debra Well Davidtown, MD",59700,(273)847-5967
Diane Finley,"956 Benjamin Lodge Jaredstad, UT",46024,338.582.7678x3461
Tina Marks,"964 Angela Circles Suite 132 Roblesland, ID",12920,234.737.6602x4696
Linda Barton,"964 Angela Circles Suite 132 Roblesland, ID",,
James White,"966 Jeffrey Falls Apt. 788 Collinsstad, FM",26247,001-953-513-3512x54125
Hector Jenkins,"976 Chad Underpass Nguyenfurt, AK",28351,
Jennifer Levy,"976 Chad Underpass Nguyenfurt, AK",28351,+1-623-324-9484x04793
Laura Larson,"976 Chad Underpass Nguyenfurt, AK",28351,(995)788-4408
Darius Johnson,"97XX866 Strickland Fort Carlaberg, MS",08336,
Dylan Freeman,"97866 Strickland Fort Carlaberg, MS",08336,+1-464-331-1346x249
DaXXvid Sosa,"979 Greer Lock Apt. 841 Lake Mark, GU",99847,001-583-952-6449x36247
Kristin Velasquez,"979 Greer Lock Apt. 841 Lake Mark, GU",99847,
Zachary Gray,"9867 Anthony Expressway Suite 649 Angelaland, MT",,8683082181
Chelsea Bryan,"99392 Pam Cove Apt. 544 Lowerymouth, GU",63989,(523)544-5413x821
Kirk Simon,"99392 Pam Cove Apt. 544 Lowerymouth, GU",63989,(523)544-5413x821
Susan Roberson,"PSC 0282, Box 8529 APO AA",27047,3858015455
Joseph KenXXnedy,"PSC 0282, Box 8529 APO AA",27047,3858015455
Amber Morrison,"PSC 0297, Box 1512 APO AA",76052,(838)294-1576x31595
Kathryn Massey,"PSC 0297, Box 1512 APO AA",76052,632-769-2193
Kevin Boyd,"PSC 0297, Box 1512 APO AA",76052,764-733-8557x660
Danielle Hampton,"PSC 1942, Box 4848 APO AP",57859,921.630.0988x7193
Nathan Solis,"PSC 6361, Box 6413 APO AP",59276,001-861-797-2378x459
Rebecca Rivera,"PSC 8460, Box 7642 APO AA",44231,849.275.1628x025
Vanessa SaXXnchez,"PSC 9108, Box 0138 APO AP",67403,+1-516-352-1069
Jacob Todd,"PSC 9108, Box 0138 APO AP",67403,926-899-1370x97953
Jordan Sloan,"PSC 9108, Box 0138 APO AP",67403,(557)999-2851
Brandi SandXXers,"PSC 9108, Box 0138 APO AP",67403,7932091246
Kenneth Castaneda,"PSC 9108, Box 0138 APO AP",67403,(233)601-7003x711
VaXXlerie Chang,"PSC 9987, Box 7166 APO AP",16868,
Kevin XXLambert,USCGC Fowler FPO AP,,
Laura Larson,USCGC Fowler FPO AP,13690,+1-221-782-9212
Monica Graham,USCGC SimpsoXXn FPO AA,42427,+1-712-287-1326x5684
Samuel Brown,USNV Johnson FPO AP,44100,+1-651-714-2749x019
Rebecca Carey,USNV Johnson FPO AP,44100,873.221.0184
Jonathan Moore,USNV Johnson FPO AP,44100,(487)683-0160
Stephanie Crawford,USNV Johnson FPO AP,44100,699.442.5149x306
Charles Smith,USNV Johnson FPOXX AP,44100,+1-547-291-3943x705
Emily Park,USNVXX Mendoza FPO AE,30215,
Devin Ruiz,USNV Ramos FPO AP,96740,476.796.6209x93068
Jodi Shepherd,USNV RXXamos FPO AP,96740,
Laura Moss,USNV Ramos FPO AP,96740,334.306.5845x665
Caroline Morales,USS Hansen FPO AA,,(678)570-5405x35663
Maria Anderson,Unit 2791 Box 4103 DPO AA,39469,(407)784-3911
Christopher Matthews,Unit 2791 Box 4103 DPO AA,39469,5289156300
Donna Howard,Unit 4307 Box 8891 DXXPO AE,37715,(279)855-4066x7941
Donna Howe,Unit 4307 Box 8891 DPO AE,37715,234.762.1459x3717
DXXr. Joseph Maldonado,Unit 4307 Box 8891 DPO AE,37715,+1-968-774-2244
Vincent Lopez,Unit 4545 Box 5245 DPO XXAA,,7357353164
Jeremiah Fuller,Unit 4545 Box 5245 DPO AA,09183,7357353164
Stephanie Allen,Unit 4545 Box 5245 DPO AA,09183,7357353164
LisXXa Nichols,Unit 4545 Box 5245 DPO AA,09183,7357353164
Shane Foster,Unit 5294 Box 9494 DPO XXAP,69110,7313323038
Barbara Howard,Unit 5294 Box 9494 DPO AP,69110,
Rhonda Turner,Unit 5294 Box 9494 DPO AP,,
Andrew Wilkinson,Unit 6463 Box 1193 DPO AA,,001-615-308-9080
Thomas Jones,Unit 6463 Box 1193 DPO AA,28491,
Kevin Boyd,Unit 6463 Box 1193 DPO AA,28491,
XXSpencer Lewis,Unit 7190 Box 15XX52 DPO AE,65129,(937)809-3609x3584
Jasmine Edwards,Unit 7471 Box 5533 DPO AA,61052,568-675-5729
